__label__ham	I probably won't eat at all today. I think I'm gonna pop. How was your weekend? Did u miss me?
__label__spam	Sex up ur mobile with a FREE sexy pic of Jordan! Just text BABE to 88600. Then every wk get a sexy celeb! PocketBabe.co.uk 4 more pics. 16 å£3/wk 087016248
__label__ham	I'm not sure, I was just checking out what was happening around the area
__label__ham	Why don't you go tell your friend you're not sure you want to live with him because he smokes too much then spend hours begging him to come smoke
__label__spam	Xmas & New Years Eve tickets are now on sale from the club, during the day from 10am till 8pm, and on Thurs, Fri & Sat night this week. They're selling fast!
__label__ham	Great escape. I fancy the bridge but needs her lager. See you tomo 
__label__ham	Thanx...
__label__ham	He will, you guys close?
__label__spam	Thanks for the Vote. Now sing along with the stars with Karaoke on your mobile. For a FREE link just reply with SING now.
__label__ham	Want to finally have lunch today?
__label__ham	Is ur paper today in e morn or aft?
__label__ham	K give me a sec, breaking a  &lt;#&gt;  at cstore
__label__ham	Its on in engalnd! But telly has decided it won't let me watch it and mia and elliot were kissing! Damn it!
__label__ham	Come to mu, we're sorting out our narcotics situation
__label__ham	Were somewhere on Fredericksburg
__label__ham	Hey leave it. not a big deal:-) take care.
__label__ham	Check mail.i have mailed varma and kept copy to you regarding membership.take care.insha allah.
__label__ham	I'm on da bus going home...
__label__ham	Haha get used to driving to usf man, I know a lot of stoners
__label__ham	How do you plan to manage that
__label__ham	We are hoping to get away by 7, from Langport. You still up for town tonight?
__label__spam	74355 XMAS iscoming & ur awarded either å£500 CD gift vouchers & free entry 2 r å£100 weekly draw txt MUSIC to 87066 TnC
__label__ham	I am going to sleep. I am tired of travel.
__label__ham	Will you be here for food
__label__ham	Ha ha ha good joke. Girls are situation seekers.
__label__ham	Now project pa. After that only i can come.
__label__ham	If anyone calls for a treadmill say you'll buy it. Make sure its working. I found an ad on Craigslist selling for $ &lt;#&gt; .
__label__ham	Yunny... I'm goin to be late
__label__ham	Is it your yahoo boys that bring in the perf? Or legal.
__label__ham	i cant talk to you now.i will call when i can.dont keep calling.
__label__ham	He's really into skateboarding now despite the fact that he gets thrown off of it and winds up with bandages and shit all over his arms every five minutes
__label__ham	Will purchase d stuff today and mail to you. Do you have a po box number?
__label__spam	Dear Voucher Holder, 2 claim this weeks offer, at your PC go to http://www.e-tlp.co.uk/expressoffer Ts&Cs apply.2 stop texts txt STOP to 80062.
__label__ham	I'd say that's a good sign but, well, you know my track record at reading women
__label__ham	They just talking thats it de. They wont any other.
__label__ham	Eatin my lunch...
__label__ham	What i told before i tell. Stupid hear after i wont tell anything to you. You dad called to my brother and spoken. Not with me.
__label__ham	Hi Princess! Thank you for the pics. You are very pretty. How are you?
__label__ham	Hey mr  and I are going to the sea view and having a couple of gays I mean games! Give me a bell when ya finish 
__label__ham	How much is torch in 9ja.
__label__ham	Today i'm not workin but not free oso... Gee... Thgt u workin at ur fren's shop ? 
__label__ham	Bishan lar nearer... No need buy so early cos if buy now i gotta park my car...
__label__ham	No. Did you multimedia message them or e-mail?
__label__ham	K...k...yesterday i was in cbe .
__label__ham	Do have a nice day today. I love you so dearly.
__label__ham	I'll be in sch fr 4-6... I dun haf da book in sch... It's at home...
__label__ham	Sir, I am waiting for your mail.
__label__ham	Wot u up 2? Thout u were gonna call me!! Txt bak luv K
__label__ham	Thx. All will be well in a few months
__label__ham	Oh k :)why you got job then whats up?
__label__ham	will you like to be spoiled? :)
__label__ham	Yesterday its with me only . Now am going home.
__label__ham	Open rebtel with firefox. When it loads just put plus sign in the user name place, and it will show you two numbers. The lower number is my number. Once you pick that number the pin will display okay!
__label__ham	Senthil group company Apnt 5pm.
__label__ham	"Finally it has happened..! Aftr decades..! BEER is now cheaper than PETROL! The goverment expects us to \DRINK\"". . . But don't \""DRIVE \"""""
__label__ham	Baaaaaaaabe! Wake up ! I miss you ! I crave you! I need you!
__label__ham	Not thought bout it... || Drink in tap & spile at seven. || Is that pub on gas st off broad st by canal. || Ok?
__label__ham	Excellent, I'll see what riley's plans are
__label__ham	Just chill for another 6hrs. If you could sleep the pain is not a surgical emergency so see how it unfolds. Okay
__label__ham	Hi di is yijue we're meeting at 7 pm at esaplanade tonight.
__label__ham	Cheers for the card ... Is it that time of year already?
__label__ham	o turns out i had stereo love on mi phone under the unknown album.
__label__ham	Ha. You donÛ÷t know either. I did a a clever but simple thing with pears the other day, perfect for christmas.
__label__ham	It's Ì© only $140 ard...Ìä rest all ard $180 at least...Which is Ì© price 4 Ì© 2 bedrm ($900)
__label__ham	Uncle boye. I need movies oh. Guide me. Plus you know torrents are not particularly legal here. And the system is slowing down. What should i do. Have a gr8 day. Plus have you started cos i dont meet you online. How was the honey moon.
__label__ham	I sent you the prices and do you mean the  &lt;#&gt; g,
__label__spam	IMPORTANT MESSAGE. This is a final contact attempt. You have important messages waiting out our customer claims dept. Expires 13/4/04. Call 08717507382 NOW!
__label__ham	Gettin rdy to ship comp
__label__ham	"\Hi darlin i cantdo anythingtomorrow as myparents aretaking me outfor a meal. when are u free? Katexxx\"""""
__label__ham	Mmm thats better now i got a roast down me! iåÕd b better if i had a few drinks down me 2! Good indian?
__label__ham	Dunno, my dad said he coming home 2 bring us out 4 lunch. Yup i go w u lor. I call u when i reach school lor...
__label__ham	K:)k:)what are detail you want to transfer?acc no enough?
__label__ham	Where you. What happen
__label__ham	Be sure to check your yahoo email. We sent photos yesterday
__label__ham	Don know..he is watching film in computer..
__label__ham	Do you know when dad will be back?
__label__spam	Do you want a New Nokia 3510i colour phone DeliveredTomorrow? With 300 free minutes to any mobile + 100 free texts + Free Camcorder reply or call 08000930705
__label__ham	Are you in castor? You need to see something
__label__ham	Boy you best get yo ass out here quick
__label__ham	Cos i was out shopping wif darren jus now n i called him 2 ask wat present he wan lor. Then he started guessing who i was wif n he finally guessed darren lor.
__label__ham	Haha, just what I was thinkin
__label__ham	ÌÏ dun need to pick ur gf?
__label__spam	Cashbin.co.uk (Get lots of cash this weekend!) www.cashbin.co.uk Dear Welcome to the weekend We have got our biggest and best EVER cash give away!! These..
__label__spam	Ur cash-balance is currently 500 pounds - to maximize ur cash-in now send GO to 86688 only 150p/meg. CC: 08718720201 HG/Suite342/2lands Row/W1j6HL
__label__ham	Ola would get back to you maybe not today but I ve told him you can be his direct link in the US in getting cars he bids for online, you arrange shipping and you get a cut. Or U????? For a partnership where U????? Invest money for shipping and he takes care of the rest!U??Wud b self reliant soon dnt worry
__label__ham	A guy who gets used but is too dumb to realize it.
__label__ham	U coming 2 pick me?
__label__ham	i thought we were doing a king of the hill thing there.
__label__ham	I'm in class. Did you get my text.
__label__ham	Oh dang! I didn't mean o send that to you! Lol!
__label__ham	Thank you. I like you as well...
__label__ham	How much u trying to get?
__label__ham	Then ur sis how?
__label__ham	Aight, sounds good. When do you want me to come down?
__label__ham	Me i'm not workin. Once i get job...
__label__ham	ÌÏ go home liao? Ask dad to pick me up at 6...
__label__ham	Man this bus is so so so slow. I think you're gonna get there before me
__label__ham	Ok i juz receive..
__label__ham	I'm fine. Hope you are also
__label__ham	But we havent got da topic yet rite?
__label__ham	Then ur physics get a-?
__label__ham	Aight that'll work, thanks
__label__ham	I'm not coming over, do whatever you want
__label__ham	Yes i will be there. Glad you made it.
__label__ham	Yes! I am a one woman man! Please tell me your likes and dislikes in bed...
__label__spam	URGENT! Your Mobile No. was awarded å£2000 Bonus Caller Prize on 5/9/03 This is our final try to contact U! Call from Landline 09064019788 BOX42WR29C, 150PPM
__label__ham	No i am not having not any movies in my laptop
__label__ham	I was slept that time.you there?
__label__ham	How long does it take to get it.
__label__ham	Mmmmm ... I loved waking to your words this morning ! I miss you too, my Love. I hope your day goes well and you are happy. I wait for us to be together again
__label__ham	Thanks for this hope you had a good day today
__label__ham	Goodmorning, today i am late for 1hr.
__label__ham	COME BACK TO TAMPA FFFFUUUUUUU
__label__ham	Allo! We have braved the buses and taken on the trains and triumphed. I mean weÛ÷re in bÛ÷ham. Have a jolly good rest of week
__label__ham	Hi happy birthday. Hi hi hi hi hi hi hi
__label__ham	This is my number by vivek..
__label__ham	Its like that hotel dusk game i think. You solve puzzles in a area thing
__label__ham	Fyi I'm taking a quick shower, be at epsilon in like  &lt;#&gt;  min
__label__ham	Shhhhh nobody is supposed to know!
__label__ham	Onum ela pa. Normal than.
__label__ham	Then why no one talking to me
__label__ham	Guy, no flash me now. If you go call me, call me. How madam. Take care oh.
__label__ham	Can a not?
__label__spam	Gr8 new service - live sex video chat on your mob - see the sexiest dirtiest girls live on ur phone - 4 details text horny to 89070 to cancel send STOP to 89070
__label__ham	I will send them to your email. Do you mind  &lt;#&gt;  times per night?
__label__ham	R we going with the  &lt;#&gt;  bus?
__label__spam	U have won a nokia 6230 plus a free digital camera. This is what u get when u win our FREE auction. To take part send NOKIA to 83383 now. POBOX114/14TCR/W1 16
__label__ham	Yun buying... But school got offer 2000 plus only...
__label__ham	I think that tantrum's finished so yeah I'll be by at some point
__label__ham	You need to get up. Now.
__label__ham	Lmao but its so fun...
__label__ham	They don't put that stuff on the roads to keep it from getting slippery over there?
__label__ham	Good Morning my Dear Shijutta........... Have a great &amp; successful day.
__label__ham	no, i *didn't* mean to post it. I wrote it, and like so many other times i've ritten stuff to you, i let it sit there. it WAS what i was feeling at the time. I was angry. Before i left, i hit send, then stop. It wasn't there. I checked on my phone when i got to my car. It wasn't there. You said you didn't sleep, you were bored. So why wouldn't THAT be the time to clean, fold laundry, etc.? At least make the bed?
__label__ham	Gam gone after outstanding innings.
__label__spam	Show ur colours! Euro 2004 2-4-1 Offer! Get an England Flag & 3Lions tone on ur phone! Click on the following service message for info!
__label__ham	Was it something u ate?
__label__spam	Summers finally here! Fancy a chat or flirt with sexy singles in yr area? To get MATCHED up just reply SUMMER now. Free 2 Join. OptOut txt STOP Help08714742804
__label__ham	Have your lunch and come quickly and open the door:)
__label__ham	Take us out shopping and Mark will distract Isaiah.=D
__label__ham	Pls what's the full name of joke's school cos fees in university of florida seem to actually be  &lt;#&gt; k. Pls holla back
__label__ham	By the way, make sure u get train to worc foregate street not shrub hill. Have fun night x
__label__ham	Dont know you bring some food
__label__ham	I av a new number,  . Wil u only use this one,ta.
__label__ham	Forgot to tell Ì_ smth.. Can Ì_ like number the sections so that it's clearer..
__label__ham	7 lor... Change 2 suntec... Wat time u coming?
__label__ham	"Oh! Shit, I thought that was your trip! Loooooool ... That just makes SO much more sense now ... *grins* and the sofa reference was ... The \sleep on a couch\"" link you sent me ... Wasn't that how you went on your trip ? Oh ... And didn't your babe go with you for that celebration with your rents?"""
__label__ham	Is avatar supposed to have subtoitles
__label__ham	Misplaced your number and was sending texts to your old number. Wondering why i've not heard from you this year. All the best in your mcat. Got this number from my atlanta friends
__label__ham	Thats a bit weird, even ?- where is the do supposed to be happening? But good idea, sure they will be in pub!
__label__spam	Do you want 750 anytime any network mins 150 text and a NEW VIDEO phone for only five pounds per week call 08002888812 or reply for delivery tomorrow
__label__spam	22 days to kick off! For Euro2004 U will be kept up to date with the latest news and results daily. To be removed send GET TXT STOP to 83222
__label__ham	No wonder... Cos i dun rem seeing a silver car... But i thk i saw a black one...
__label__ham	Remember all those whom i hurt during days of satanic imposter in me.need to pay a price,so be it.may destiny keep me going and as u said pray that i get the mind to get over the same.
__label__ham	You made my day. Do have a great day too.
__label__ham	Where @
__label__ham	Hi kindly give us back our documents which we submitted for loan from STAPATI
__label__ham	"Happy or sad , one thing about past is- \Its no more\"" GOOD MORNING :-):-)."""
__label__ham	Now thats going to ruin your thesis!
__label__ham	Its ok chikku, and its my 1 of favourite song..:-)
__label__ham	Die... I accidentally deleted e msg i suppose 2 put in e sim archive. Haiz... I so sad...
__label__spam	Santa Calling! Would your little ones like a call from Santa Xmas eve? Call 09058094583 to book your time.
__label__ham	Just checked out, heading out to drop off my stuff now
__label__ham	That means get the door
__label__ham	Yeah right! I'll bring my tape measure fri!
__label__ham	And maybe some pressies
__label__ham	Nowadays people are notixiquating the laxinorficated opportunity for bambling of entropication.... Have you ever oblisingately opted ur books for the masteriastering amplikater of fidalfication? It is very champlaxigating, i think it is atrocious.. Wotz Ur Opinion???? Junna
__label__ham	I am on the way to tirupur.
__label__spam	Get 3 Lions England tone, reply lionm 4 mono or lionp 4 poly. 4 more go 2 www.ringtones.co.uk, the original n best. Tones 3GBP network operator rates apply.
__label__ham	It didnt work again oh. Ok goodnight then. I.ll fix and have it ready by the time you wake up. You are very dearly missed have a good night sleep.
__label__ham	Dear Hero,i am leaving to qatar tonite for an apt opportunity.pls do keep in touch at  &lt;EMAIL&gt; ,kerala
__label__ham	At home also.
__label__ham	Hiya do u like the hlday pics looked horrible in them so took mo out! Hows the camp Amrca thing? Speak soon Serena:)
__label__ham	That's fine, have him give me a call if he knows what he wants or has any questions
__label__ham	OK i'm waliking ard now... Do u wan me 2 buy anything go ur house?
__label__ham	The message sent is askin for  &lt;#&gt; dollars. Shoul i pay  &lt;#&gt;  or  &lt;#&gt; ?
__label__ham	What time you thinkin of goin?
__label__ham	Sounds better than my evening im just doing my costume. Im not sure what time i finish tomorrow but i will txt you at the end.
__label__ham	I might come to kerala for 2 days.so you can be prepared to take a leave once i finalise .dont plan any travel during my visit.need to finish urgent works.
__label__spam	YOU HAVE WON! As a valued Vodafone customer our computer has picked YOU to win a å£150 prize. To collect is easy. Just call 09061743386 
__label__ham	Appt is at &lt;TIME&gt; am. Not my fault u don't listen. I told u twice
__label__ham	Are you staying in town ?
__label__spam	This message is free. Welcome to the new & improved Sex & Dogging club! To unsubscribe from this service reply STOP. msgs@150p 18+only
__label__ham	Kay... Since we are out already 
__label__ham	Well i will watch shrek in 3D!!B)
__label__ham	Hi ....My engagement has been fixd on  &lt;#&gt; th of next month. I know its really shocking bt....hmm njan vilikkam....t ws al of a sudn;-(.
__label__ham	Morning only i can ok.
__label__ham	Moji i love you more than words. Have a rich day
__label__ham	Total disappointment, when I texted you was the craziest shit got :(
__label__spam	Sunshine Quiz! Win a super Sony DVD recorder if you canname the capital of Australia? Text MQUIZ to 82277. B
__label__ham	Oh thats late! Well have a good night and i will give u a call tomorrow. Iam now going to go to sleep night night
__label__ham	Tonight? Yeah, I'd be down for that
__label__ham	Sounds like a plan! Cardiff is still here and still cold! I'm sitting on the radiator!
__label__ham	Or u ask they all if next sat can a not. If all of them can make it then i'm ok lor.
__label__ham	Yup n her fren lor. I'm meeting my fren at 730.
__label__ham	I've been searching for the right words to thank you for this breather. I promise i wont take your help for granted and will fulfil my promise. You have been wonderful and a blessing at all times.
__label__ham	How many times i told in the stage all use to laugh. You not listen aha.
__label__ham	On the way to office da..
__label__ham	Or maybe my fat fingers just press all these buttons and it doesn't know what to do.
__label__ham	I got it before the new year cos yetunde said she wanted to surprise you with it but when i didnt see money i returned it mid january before the  &lt;#&gt; day return period ended.
__label__ham	1 in cbe. 2 in chennai.
__label__spam	"\For the most sparkling shopping breaks from 45 per person; call 0121 2025050 or visit www.shortbreaks.org.uk\"""""
__label__ham	I wanted to wish you a Happy New Year and I wanted to talk to you about some legal advice to do with when Gary and I split but in person. I'll make a trip to Ptbo for that. I hope everything is good with you babe and I love ya :)
__label__ham	\CAN I PLEASE COME UP NOW IMIN TOWN.DONTMATTER IF URGOIN OUTL8R
__label__ham	Yes its possible but dint try. Pls dont tell to any one k
__label__ham	She told to hr that he want posting in chennai:)because i'm working here:)
__label__ham	Ew are you one of them?
__label__ham	All sounds good. Fingers . Makes it difficult to type
__label__ham	I can. But it will tell quite long, cos i haven't finish my film yet...
__label__ham	Why you keeping me away like this
__label__ham	Y lei?
__label__ham	What's up. Do you want me to come online?
__label__ham	here is my new address -apples&pairs&all that malarky
__label__ham	Maybe i could get book out tomo then return it immediately ..? Or something.
__label__ham	"\Life is nothing wen v get everything\"". But \""life is everything wen v miss something \"". Real value of people wil be realized only in their absence.... gud mrng"""
__label__ham	Hmmm.... Mayb can try e shoppin area one, but forgot e name of hotel...
__label__ham	My sis is catching e show in e afternoon so i'm not watching w her. So c u wan 2 watch today or tmr lor.
__label__spam	Hack Chat. Get backdoor entry into 121 chat rooms at a fraction of the cost. Reply NEO69 or call 09050280520, to subscribe 25p pm. DPS, Bcm box 8027 Ldn, wc1n3xx
__label__ham	That means you got an A in epi, she.s fine. She.s here now.
__label__ham	I cant keep talking to people if am not sure i can pay them if they agree to price. So pls tell me what you want to really buy and how much you are willing to pay
__label__ham	What he said is not the matter. My mind saying some other matter is there.
__label__ham	U ned to convince him tht its not possible witot hurting his feeling its the main
__label__ham	My sister going to earn more than me da.
__label__ham	You have to pls make a note of all she.s exposed to. Also find out from her school if anyone else was vomiting. Is there a dog or cat in the house? Let me know later.
__label__ham	Me too baby! I promise to treat you well! I bet you will take good care of me...
__label__ham	Id onluy matters when getting on from offcampus
__label__ham	I am thinking of going down to reg for pract lessons.. Flung my advance.. Haha wat time u going?
__label__ham	We stopped to get ice cream and will go back after
__label__ham	 &lt;#&gt;  in mca. But not conform.
__label__ham	Not..tel software name..
__label__ham	No dear i do have free messages without any recharge. Hi hi hi
__label__ham	Ok... Sweet dreams...
__label__ham	Noice. Text me when you're here
__label__ham	Are you driving or training?
__label__ham	You still at grand prix?
__label__ham	IÛ÷m going to try for 2 months ha ha only joking
__label__ham	Are your freezing ? Are you home yet ? Will you remember to kiss your mom in the morning? Do you love me ? Do you think of me ? Are you missing me yet ?
__label__ham	"Don't Think About \What u Have Got\"" Think About \""How to Use It That You Have Got\"" gooD ni8"""
__label__ham	I HAVE A DATE ON SUNDAY WITH WILL!!
__label__ham	As in different styles?
__label__ham	Tell them no need to investigate about me anywhere.
__label__ham	K..k.:)congratulation ..
__label__spam	You are being ripped off! Get your mobile content from www.clubmoby.com call 08717509990 poly/true/Pix/Ringtones/Games six downloads for only 3
__label__ham	:-) :-)
__label__ham	Then why you not responding
__label__ham	ÌÏ collecting ur laptop then going to configure da settings izzit?
__label__ham	K..k..any special today?
__label__ham	Oic... Then better quickly go bathe n settle down...
__label__ham	Yeah we do totes. When u wanna?
__label__ham	If you were/are free i can give. Otherwise nalla adi entey nattil kittum
__label__ham	Great! I shoot big loads so get ready!
__label__ham	Haha awesome, omw back now then
__label__ham	Take something for pain. If it moves however to any side in the next 6hrs see a doctor.
__label__ham	wow. You're right! I didn't mean to do that. I guess once i gave up on boston men and changed my search location to nyc, something changed. Cuz on my signin page it still says boston.
__label__ham	S:)s.nervous  &lt;#&gt; :)
__label__spam	Free msg: Single? Find a partner in your area! 1000s of real people are waiting to chat now!Send CHAT to 62220Cncl send STOPCS 08717890890å£1.50 per msg
__label__ham	What u talking bout early morning? It's almost noon where your at!
__label__ham	What is the plural of the noun research?
__label__ham	Nt yet chikku..simple habba..hw abt u?
__label__ham	Ard 515 like dat. Y?
__label__ham	Oh:)as usual vijay film or its different?
__label__ham	Hello, my love! How goes that day ? I wish your well and fine babe and hope that you find some job prospects. I miss you, boytoy ... *a teasing kiss*
__label__ham	Have you got Xmas radio times. If not i will get it now
__label__ham	Am on a train back from northampton so i'm afraid not! I'm staying skyving off today ho ho! Will be around wednesday though. Do you fancy the comedy club this week by the way?
__label__ham	My sister in law, hope you are having a great month. Just saying hey. Abiola
__label__ham	Erm... Woodland avenue somewhere. Do you get the parish magazine, his telephone number will be in there.
__label__ham	Be happy there. I will come after noon
__label__spam	Free video camera phones with Half Price line rental for 12 mths and 500 cross ntwk mins 100 txts. Call MobileUpd8 08001950382 or Call2OptOut/674&
__label__spam	We tried to call you re your reply to our sms for a video mobile 750 mins UNLIMITED TEXT free camcorder Reply or call now 08000930705 Del Thurs
__label__ham	Mm umma ask vava also to come tell him can play later together
__label__ham	Just nw i came to hme da..
__label__ham	In fact when do you leave? I think addie goes back to school tues or wed
__label__ham	Here got lots of hair dresser fr china.
__label__ham	Near kalainar tv office.thenampet
__label__spam	BIG BROTHER ALERT! The computer has selected u for 10k cash or #150 voucher. Call 09064018838. NTT PO Box CRO1327 18+ BT Landline Cost 150ppm mobiles vary
__label__ham	Cool, text me when you head out
__label__ham	I've reached home n i bathe liao... U can call me now...
__label__ham	No current and food here. I am alone also
__label__ham	No break time one... How... I come out n get my stuff fr Ì_?
__label__ham	I hope your pee burns tonite.
__label__ham	ILL B DOWN SOON
__label__ham	Sounds like you have many talents! would you like to go on a dinner date next week?
__label__ham	No need lar i go engin? Cos my sis at arts today...
__label__ham	My exam is for february 4. Wish you a great day.
__label__ham	God bless.get good sleep my dear...i will pray!
__label__ham	Are you ok. What happen to behave like this
__label__ham	Aah! A cuddle would be lush! I'd need lots of tea and soup before any kind of fumbling!
__label__ham	Goodmorning, today i am late for 2hrs. Because of back pain.
__label__ham	Prepare to be pleasured :)
__label__ham	I.ll get there tomorrow and send it to you
__label__ham	I got lousy sleep. I kept waking up every 2 hours to see if my cat wanted to come in. I worry about him when its cold :(
__label__ham	I can take you at like noon
__label__ham	Send to someone else :-)
__label__ham	Christmas is An occasion that is Celebrated as a Reflection of UR... Values..., Desires..., Affections...&amp; Traditions.... Have an ideal Christmas...
__label__ham	Honey boo I'm missing u.
__label__ham	Send his number and give reply tomorrow morning for why you said that to him like that ok
__label__ham	Are you willing to go for aptitude class.
__label__ham	And very importantly, all we discuss is between u and i only.
__label__ham	"Û_ we r stayin here an extra week, back next wed. How did we do in the rugby this weekend? Hi to and and , c u soon \""ham"""
__label__ham	Quite ok but a bit ex... U better go eat smth now else i'll feel guilty...
__label__ham	Hey!!! I almost forgot ... Happy B-day babe ! I love ya!!
__label__ham	Pandy joined 4w technologies today.he got job..
__label__ham	Your board is working fine. The issue of overheating is also reslove. But still software inst is pending. I will come around 8'o clock.
__label__ham	So that means you still think of teju
__label__ham	We walked from my moms. Right on stagwood pass right on winterstone left on victors hill. Address is &lt;#&gt;
__label__ham	Hey whats up? U sleeping all morning?
__label__ham	Send this to ur friends and receive something about ur voice..... How is my speaking expression? 1.childish 2.naughty 3.Sentiment 4.rowdy 5.ful of attitude 6.romantic 7.shy 8.Attractive 9.funny  &lt;#&gt; .irritating  &lt;#&gt; .lovable. reply me..
__label__ham	I'm outside islands, head towards hard rock and you'll run into me
__label__spam	FreeMsg Hey U, i just got 1 of these video/pic fones, reply WILD to this txt & ill send U my pics, hurry up Im so bored at work xxx (18 150p/rcvd STOP2stop)
__label__ham	Nothing. I meant that once the money enters your account here, the bank will remove its flat rate. Someone transfered  &lt;#&gt;  to my account and  &lt;#&gt; dollars got removed. So the banks differ and charges also differ.be sure you trust the 9ja person you are sending account details to cos...
__label__ham	I couldn't say no as he is a dying man and I feel sad for him so I will go and I just wanted you to know I would probably be gone late into your night
__label__ham	Hi.what you think about match?
__label__ham	Good afternoon my boytoy. How goes that walking here and there day ? Did you get that police abstract? Are you still out and about? I wake and miss you babe
__label__spam	complimentary 4 STAR Ibiza Holiday or å£10,000 cash needs your URGENT collection. 09066364349 NOW from Landline not to lose out! Box434SK38WP150PPM18+
__label__ham	Beerage?
__label__spam	FREEMSG: Our records indicate you may be entitled to 3750 pounds for the Accident you had. To claim for free reply with YES to this msg. To opt out text STOP
__label__spam	For ur chance to win a å£250 cash every wk TXT: ACTION to 80608. T's&C's www.movietrivia.tv custcare 08712405022, 1x150p/wk
__label__ham	naughty little thought: 'its better to flirt, flirt n flirt, rather than loving someone n gettin hurt, hurt n hurt...:-) Gud nyt
__label__ham	Happy birthday... May all ur dreams come true...
__label__ham	Kent vale lor... ÌÏ wait 4 me there ar?
__label__ham	I am joining today formally.Pls keep praying.will talk later.
__label__ham	Sorry me going home first... Daddy come fetch Ì_ later...
__label__ham	Babe ! What are you doing ? Where are you ? Who are you talking to ? Do you think of me ? Are you being a good boy? Are you missing me? Do you love me ?
__label__ham	I noe la... U wana pei bf oso rite... K lor, other days den...
__label__ham	Yes. I come to nyc for audiitions and am trying to relocate.
__label__ham	Hi my email address has changed now it is 
__label__ham	Guess who spent all last night phasing in and out of the fourth dimension
__label__ham	Sez, hows u & de arab boy? Hope u r all good give my love 2 evry1 love ya eshxxxxxxxxxxx
__label__ham	That's y i said it's bad dat all e gals know u... Wat u doing now?
__label__ham	What your plan for pongal?
__label__ham	I am in a marriage function
__label__ham	Have you started in skye
__label__ham	Im just wondering what your doing right now?
__label__ham	There is no sense in my foot and penis.
__label__ham	Ok but knackered. Just came home and went to sleep! Not good at this full time work lark.
__label__ham	"Cool breeze... Bright sun... Fresh flower... Twittering birds... All these waiting to wish u: \GOODMORNING &amp; HAVE A NICE DAY\"" :)"""
__label__ham	My sister cleared two round in birla soft yesterday.
__label__ham	I could ask carlos if we could get more if anybody else can chip in
__label__ham	Not sure yet, still trying to get a hold of him
__label__spam	URGENT, IMPORTANT INFORMATION FOR O2 USER. TODAY IS YOUR LUCKY DAY! 2 FIND OUT WHY LOG ONTO HTTP://WWW.URAWINNER.COM THERE IS A FANTASTIC SURPRISE AWAITING FOR YOU
__label__ham	Hurry up, I've been weed-deficient for like three days
__label__ham	Oh yeah I forgot. U can only take 2 out shopping at once.
__label__ham	hows my favourite person today? r u workin hard? couldn't sleep again last nite nearly rang u at 4.30
__label__ham	Thats cool. I want to please you...
__label__ham	Had the money issue weigh me down but thanks to you, I can breathe easier now. I.ll make sure you dont regret it. Thanks.
__label__ham	First has she gained more than  &lt;#&gt; kg since she took in. Second has she done the blood sugar tests. If she has and its ok and her blood pressure is within normal limits then no worries
__label__ham	In sch but neva mind u eat 1st lor..
__label__ham	Tunde, how are you doing. This is just wishing you a great day. Abiola.
__label__ham	East coast
__label__ham	I just lov this line: \Hurt me with the truth
__label__spam	tddnewsletter@emc1.co.uk (More games from TheDailyDraw) Dear Helen, Dozens of Free Games - with great prizesWith..
__label__ham	Captain is in our room:)
__label__ham	He didn't see his shadow. We get an early spring yay
__label__ham	I have 2 sleeping bags, 1 blanket and paper and  phone details. Anything else?
__label__ham	Just sent it. So what type of food do you like?
__label__ham	Nokia phone is lovly..
__label__ham	That seems unnecessarily hostile
__label__ham	Hey. You got any mail?
__label__spam	Free msg. Sorry, a service you ordered from 81303 could not be delivered as you do not have sufficient credit. Please top up to receive the service.
__label__ham	* Will have two more cartons off u and is very pleased with shelves
__label__spam	SMS AUCTION - A BRAND NEW Nokia 7250 is up 4 auction today! Auction is FREE 2 join & take part! Txt NOKIA to 86021 now! HG/Suite342/2Lands Row/W1J6HL
__label__ham	O. Guess they both got screwd
__label__ham	Come to me, slave. Your doing it again ... Going into your shell and unconsciously avoiding me ... You are making me unhappy :-(
__label__ham	Then Ì_ come n pick me at 530 ar?
__label__ham	Sorry i now then c ur msg... Yar lor so poor thing... But only 4 one night... Tmr u'll have a brand new room 2 sleep in...
__label__ham	Oh k k:)but he is not a big hitter.anyway good
__label__ham	You flippin your shit yet?
__label__ham	ItÛ÷s reassuring, in this crazy world.
__label__ham	Shant disturb u anymore... Jia you...
__label__ham	So Ì_ pay first lar... Then when is da stock comin...
__label__ham	An excellent thought by a misundrstud frnd: I knw u hate me bt the day wen u'll knw the truth u'll hate urself:-( Gn:-)
__label__ham	We know TAJ MAHAL as symbol of love. But the other lesser known facts 1. Mumtaz was Shahjahan's 4th wife, out of his 7 wifes. 2. Shahjahan killed Mumtaz's husband to marry her. 3. Mumtaz died in her  &lt;#&gt; th delivery. 4. He then married Mumtaz's sister. Question arises where the Hell is the LOVE?:-| -The Great Hari-
__label__spam	Had your mobile 11mths ? Update for FREE to Oranges latest colour camera mobiles & unlimited weekend calls. Call Mobile Upd8 on freefone 08000839402 or 2StopTx
__label__ham	Hey happy birthday...
__label__spam	This message is brought to you by GMW Ltd. and is not connected to the
__label__ham	Did he just say somebody is named tampa
__label__ham	Dip's cell dead. So i m coming with him. U better respond else we shall come back.
__label__ham	Yup i thk so until e shop closes lor.
__label__spam	Do you realize that in about 40 years, we'll have thousands of old ladies running around with tattoos?
__label__ham	I'm home, my love ... If your still awake ... *loving kiss*
__label__ham	Oops I did have it,  &lt;#&gt; ?
__label__ham	Do we have any spare power supplies
__label__ham	How long before you get reply, just defer admission til next semester
__label__ham	Lol boo I was hoping for a laugh
__label__ham	I'm home.
__label__ham	So when do you wanna gym?
__label__ham	No worries, hope photo shoot went well. have a spiffing fun at workage. 
__label__ham	Sorry light turned green, I meant another friend wanted  &lt;#&gt;  worth but he may not be around
__label__ham	Are you going to wipro interview today?
__label__spam	Todays Voda numbers ending with 7634 are selected to receive a å£350 reward. If you have a match please call 08712300220 quoting claim code 7684 standard rates apply.
__label__ham	My sort code is  and acc no is . The bank is natwest. Can you reply to confirm i've sent this to the right person!
__label__ham	Ahhh. Work. I vaguely remember that! What does it feel like? Lol
__label__ham	Pls dont forget to study
__label__ham	Huh so early.. Then Ì_ having dinner outside izzit?
__label__ham	Awesome, plan to get here any time after like  &lt;#&gt; , I'll text you details in a wee bit
__label__ham	Babe ? I lost you ... :-(
__label__ham	, im .. On the snowboarding trip. I was wondering if your planning to get everyone together befor we go..a meet and greet kind of affair? Cheers, 
__label__ham	Ok good then i later come find Ì_... C lucky i told Ì_ to go earlier... Later pple take finish Ì_ no more again...
__label__ham	Merry christmas to u too annie!
__label__ham	Neva mind it's ok..
__label__ham	I get out of class in bsn in like  &lt;#&gt;  minutes, you know where advising is?
__label__ham	Oh fine, I'll be by tonight
__label__ham	Hmm ok, i'll stay for like an hour cos my eye is really sore!
__label__ham	I'll probably be around mu a lot
__label__ham	i felt so...not any conveying reason.. Ese he... What about me?
__label__ham	Oops, I'll let you know when my roommate's done
__label__ham	I ask if u meeting da ge tmr nite...
__label__ham	Hmmm ... And imagine after you've come home from that having to rub my feet, make me dinner and help me get ready for my date ! Are you sure your ready for that kind of life ?
__label__ham	I wonder how you got online, my love ? Had you gone to the net cafe ? Did you get your phone recharged ? Were you on a friends net ? I think of you, boytoy
__label__ham	Where's my boytoy? I miss you ... What happened?
__label__ham	No she didnt. I will search online and let you know.
__label__ham	Thanks da thangam, i feel very very happy dear. I also miss you da.
__label__ham	Got meh... When?
__label__ham	How dare you stupid. I wont tell anything to you. Hear after i wont talk to you:-.
__label__ham	One small prestige problem now.
__label__ham	ÌÏ still got lessons?  ÌÏ in sch?
__label__ham	Ok lor. I'm in town now lei.
__label__ham	K.. I yan jiu liao... Sat we can go 4 bugis vill one frm 10 to 3 den hop to parco 4 nb. Sun can go cine frm 1030 to 2, den hop to orc mrt 4 hip hop at 4...
__label__ham	Thanx but my birthday is over already.
__label__ham	You dont know you jabo me abi.
__label__ham	Can Ì_ call me at 10:10 to make sure dat i've woken up...
__label__ham	Got smaller capacity one? Quite ex...
__label__ham	says the  &lt;#&gt;  year old with a man and money. I'm down to my last  &lt;#&gt; . Still waiting for that check.
__label__ham	K..i deleted my contact that why?
__label__ham	Goodmorning, today i am late for  &lt;DECIMAL&gt; min.
__label__ham	"\Im at arestaurant eating squid! i will be out about 10:30 wanna dosomething or is that to late?\"""""
__label__ham	Ya it came a while ago
__label__ham	Am not interested to do like that.
__label__ham	You said not now. No problem. When you can. Let me know.
__label__ham	Gr8. So how do you handle the victoria island traffic. Plus when's the album due
__label__ham	K I'm leaving soon, be there a little after 9
__label__ham	What's nannys address?
__label__ham	Hey you gave them your photo when you registered for driving ah? Tmr wanna meet at yck? 
__label__ham	U say leh... Of course nothing happen lar. Not say v romantic jus a bit only lor. I thk e nite scenery not so nice leh.
__label__ham	Hello, my love. What are you doing? Did you get to that interview today? Are you you happy? Are you being a good boy? Do you think of me?Are you missing me ?
__label__ham	Sir, I have been late in paying rent for the past few months and had to pay a $ &lt;#&gt;  charge. I felt it would be inconsiderate of me to nag about something you give at great cost to yourself and that's why i didnt speak up. I however am in a recession and wont be able to pay the charge this month hence my askin well ahead of month's end. Can you please help. Thanks
__label__ham	Love has one law; Make happy the person you love. In the same way friendship has one law; Never make ur friend feel alone until you are alive.... Gud night
__label__ham	How's it feel? Mr. Your not my real Valentine just my yo Valentine even tho u hardly play!!
__label__spam	U have a Secret Admirer who is looking 2 make contact with U-find out who they R*reveal who thinks UR so special-call on 09065171142-stopsms-08
__label__ham	I'm home. Ard wat time will u reach?
__label__ham	Hey do you want anything to buy:)
__label__spam	"For your chance to WIN a FREE Bluetooth Headset then simply reply back with \ADP\"""""
__label__ham	Merry Christmas to you too babe, i love ya *kisses*
__label__ham	Hey company elama po mudyadhu.
__label__ham	What happen dear tell me
__label__spam	Download as many ringtones as u like no restrictions, 1000s 2 choose. U can even send 2 yr buddys. Txt Sir to 80082 å£3 
__label__ham	Call to the number which is available in appointment. And ask to connect the call to waheed fathima.
__label__ham	"\CHEERS FOR CALLIN BABE.SOZI CULDNT TALKBUT I WANNATELL U DETAILS LATER WENWECAN CHAT PROPERLY X\"""""
__label__ham	HI DARLIN IVE JUST GOT BACK AND I HAD A REALLY NICE NIGHT AND THANKS SO MUCH FOR THE LIFT SEE U TOMORROW XXX
__label__ham	"\The world suffers a lot... Not because of the violence of bad people. But because of the silence of good people!\"""
__label__ham	Will you come online today night
__label__ham	"\Response\"" is one of d powerful weapon 2 occupy a place in others 'HEART'... So"
__label__spam	Am new 2 club & dont fink we met yet Will B gr8 2 C U Please leave msg 2day wiv ur area 09099726553 reply promised CARLIE x Callså£1/minMobsmore LKPOBOX177HP51FL
__label__ham	Ok lor then we go tog lor...
__label__ham	For many things its an antibiotic and it can be used for chest abdomen and gynae infections even bone infections.
__label__ham	Po de :-):):-):-):-). No need job aha.
__label__spam	URGENT! Last weekend's draw shows that you have won å£1000 cash or a Spanish holiday! CALL NOW 09050000332 to claim. T&C: RSTM, SW7 3SS. 150ppm
__label__ham	Ok. Can be later showing around 8-8:30 if you want + cld have drink before. Wld prefer not to spend money on nosh if you don't mind, as doing that nxt wk.
__label__ham	Neshanth..tel me who r u?
__label__spam	Dear Voucher Holder, To claim this weeks offer, at you PC please go to http://www.e-tlp.co.uk/reward. Ts&Cs apply.
__label__ham	No no:)this is kallis home ground.amla home town is durban:)
__label__ham	It'll be tough, but I'll do what I have to
__label__ham	Thank You meet you monday
__label__ham	Ok lor. Msg me b4 u call.
__label__ham	"We spend our days waiting for the ideal path to appear in front of us.. But what we forget is.. \paths are made by walking.. not by waiting..\"" Goodnight!"""
__label__ham	Yes. Rent is very expensive so its the way we save.
__label__ham	Sure! I am driving but will reach my destination soon.
__label__ham	Thanx 4 the time weåÕve spent 2geva, its bin mint! Ur my Baby and all I want is u!xxxx
__label__ham	Congrats. That's great. I wanted to tell you not to tell me your score cos it might make me relax. But its motivating me so thanks for sharing
__label__ham	Don't necessarily expect it to be done before you get back though because I'm just now headin out
__label__ham	What's the significance?
__label__ham	Haha... Really oh no... How? Then will they deduct your lesson tmr?
__label__ham	Was doing my test earlier. I appreciate you. Will call you tomorrow.
__label__ham	He's in lag. That's just the sad part but we keep in touch thanks to skype
__label__ham	You are everywhere dirt, on the floor, the windows, even on my shirt. And sometimes when i open my mouth, you are all that comes flowing out. I dream of my world without you, then half my chores are out too. A time of joy for me, lots of tv shows i.ll see. But i guess like all things you just must exist, like rain, hail and mist, and when my time here is done, you and i become one.
__label__ham	I luv u soo much u donåÕt understand how special u r 2 me ring u 2morrow luv u xxx
__label__ham	Lolnice. I went from a fish to ..water.?
__label__spam	You are guaranteed the latest Nokia Phone, a 40GB iPod MP3 player or a å£500 prize! Txt word: COLLECT to No: 83355! IBHltd LdnW15H 150p/Mtmsgrcvd18
__label__ham	Talk With Yourself Atleast Once In A Day...!!! Otherwise You Will Miss Your Best FRIEND In This WORLD...!!! -Shakespeare- SHESIL  &lt;#&gt;
__label__ham	In case you wake up wondering where I am, I forgot I have to take care of something for grandma today, should be done before the parade
__label__ham	Yup but it's not giving me problems now so mayb i'll jus leave it...
__label__ham	Do u hav any frnd by name ashwini in ur college?
__label__ham	Only just got this message, not ignoring you. Yes, i was. Shopping that is
__label__ham	Dude u knw also telugu..thts gud..k, gud nyt..
__label__ham	You lifted my hopes with the offer of money. I am in need. Especially when the end of the month approaches and it hurts my studying. Anyways have a gr8 weekend
__label__ham	God created gap btwn ur fingers so dat sum1 vry special will fill those gaps by holding ur hands.. Now plz dont ask y he created so much gap between legs !!!
__label__ham	Hey mr whats the name of that bill brison book the one about language and words 
__label__ham	Usually the body takes care of it buy making sure it doesnt progress. Can we pls continue this talk on saturday.
__label__ham	You know, wot people wear. T shirts, jumpers, hat, belt, is all we know. We r at Cribbs
__label__ham	How dare you change my ring
__label__ham	Howz pain?hope u r fine..
__label__ham	Dont gimme that lip caveboy
__label__ham	I bought the test yesterday. Its something that lets you know the exact day u ovulate.when will get 2u in about 2 to 3wks. But pls pls dont fret. I know u r worried. Pls relax. Also is there anything in ur past history u need to tell me?
__label__ham	That was random saw my old roomate on campus. He graduated
__label__ham	Pls i wont belive god.not only jesus.
__label__ham	HI DARLIN IM MISSIN U HOPE YOU ARE HAVING A GOOD TIME. WHEN ARE U BACK AND WHAT TIME IF U CAN GIVE ME A CALL AT HOME. JESS XX
__label__ham	I'm in chennai velachery:)
__label__ham	Hey! There's veggie pizza... :/
__label__ham	Sir, i am waiting for your call, once free please call me.
__label__spam	This msg is for your mobile content order It has been resent as previous attempt failed due to network error Queries to customersqueries@netvision.uk.com
__label__ham	Omw back to tampa from west palm, you hear what happened?
__label__ham	Y?WHERE U AT DOGBREATH? ITS JUST SOUNDING LIKE JAN C THATåÕS AL!!!!!!!!!
__label__ham	Wif my family booking tour package.
__label__ham	Haha yeah I see that now, be there in a sec
__label__ham	Hmmm...k...but i want to change the field quickly da:-)i wanna get system administrator or network administrator..
__label__ham	He is a womdarfull actor
__label__ham	Just got to  &lt;#&gt;
__label__ham	Mode men or have you left.
__label__ham	Yeh. Indians was nice. Tho it did kane me off a bit he he. We shud go out 4 a drink sometime soon. Mite hav 2 go 2 da works 4 a laugh soon. Love Pete x x
__label__ham	I'll talk to the others and probably just come early tomorrow then
__label__ham	None of that's happening til you get here though
__label__ham	Meet after lunch la...
__label__ham	Yeah I should be able to, I'll text you when I'm ready to meet up
__label__spam	I'd like to tell you my deepest darkest fantasies. Call me 09094646631 just 60p/min. To stop texts call 08712460324 (nat rate)
__label__ham	PISS IS TALKING IS SOMEONE THAT REALISE U THAT POINT THIS AT IS IT.(NOW READ IT BACKWARDS)
__label__ham	This phone has the weirdest auto correct.
__label__ham	Haha i think i did too
